post_id,post_date,is_published,email_sent_at,inbox_sent_at,type,audience,title,subtitle,podcast_url
184049924.finding-earth-engine-data-doesnt,2026-01-09T18:22:45.894Z,true,2026-01-09T18:22:46.065Z,2026-01-09T18:22:46.065Z,newsletter,everyone,Finding Earth Engine Data Doesn’t Have to Be a Struggle: Let AI Agents Do the Heavy Lifting,,
184049158.building-an-agentic-scientific-research,2026-01-09T18:14:42.970Z,true,2026-01-09T18:14:43.173Z,2026-01-09T18:14:43.173Z,newsletter,everyone,Building an Agentic Scientific Research Team with Google’s Agent Development Kit,,
184046692.dbd,2026-01-09T17:50:31.163Z,true,2026-01-09T17:50:31.308Z,2026-01-09T17:50:31.308Z,newsletter,everyone,"𝐌-𝐏𝐀𝐂𝐄: 𝐌𝐮𝐥𝐭𝐢𝐦𝐨𝐝𝐚𝐥 𝐆𝐞𝐧𝐀𝐈 𝐂𝐨𝐦𝐩𝐥𝐢𝐚𝐧𝐜𝐞
",,
184046099.8d9,2026-01-09T17:46:40.898Z,true,2026-01-09T17:46:41.107Z,2026-01-09T17:46:41.107Z,newsletter,everyone,"𝐓𝐞𝐚𝐜𝐡𝐢𝐧𝐠 𝐆𝐞𝐧𝐀𝐈 𝐭𝐨 𝐭𝐡𝐢𝐧𝐤 𝐛𝐞𝐟𝐨𝐫𝐞 𝐬𝐩𝐞𝐚𝐤𝐢𝐧𝐠
",,
184045830.jagged-frontier-part-3-blind-trust,2026-01-09T17:41:18.770Z,true,2026-01-09T17:41:18.886Z,2026-01-09T17:41:18.886Z,newsletter,everyone,Jagged Frontier – Part 3: Blind Trust at the Edge ,,
184040819.645,2026-01-09T17:38:46.101Z,true,2026-01-09T17:38:46.211Z,2026-01-09T17:38:46.211Z,newsletter,everyone,"𝐉𝐚𝐠𝐠𝐞𝐝 𝐅𝐫𝐨𝐧𝐭𝐢𝐞𝐫 – 𝐏𝐚𝐫𝐭 𝟐
",,
184040498.jagged-frontier-part-1,2026-01-09T16:51:43.115Z,true,2026-01-09T16:51:43.271Z,2026-01-09T16:51:43.271Z,newsletter,everyone,"Jagged Frontier - part 1
",,
183963694.author-affiliations-a-python-tool,2026-01-09T16:49:18.975Z,true,2026-01-09T16:49:19.127Z,2026-01-09T16:49:19.127Z,newsletter,everyone,Author-affiliations: A Python Tool for NSF Proposal Writers,,
183081873.554,2025-12-31T19:01:03.615Z,true,,,newsletter,everyone,𝗔𝗜 𝗮𝗻𝗱 𝗠𝗶𝘁𝗶𝗴𝗮𝘁𝗶𝗻𝗴 𝗕𝗶𝗮𝘀 𝗶𝗻 𝗔𝗰𝗮𝗱𝗲𝗺𝗶𝗮,,
183081198.360,2025-12-31T18:55:36.279Z,true,,,newsletter,everyone,"𝗔𝗜 𝗮𝗻𝗱 𝗔𝗰𝗰𝗲𝘀𝘀𝗶𝗯𝗶𝗹𝗶𝘁𝘆 𝗶𝗻 𝗔𝗰𝗮𝗱𝗲𝗺𝗶𝗮: 𝗔 𝗦𝘁𝗲𝗽 𝗧𝗼𝘄𝗮𝗿𝗱 𝗜𝗻𝗰𝗹𝘂𝘀𝗶𝗼𝗻
",,
183080028.95c,2025-12-31T18:48:19.200Z,true,,,newsletter,everyone,𝗔𝗜 𝗮𝗻𝗱 𝗔𝗰𝗮𝗱𝗲𝗺𝗶𝗰 𝗪𝗿𝗶𝘁𝗶𝗻𝗴: 𝗘𝘁𝗵𝗶𝗰𝗮𝗹 𝗜𝗻𝘁𝗲𝗴𝗿𝗶𝘁𝘆,,
183079979.how-to-use-the-substack-editor,,false,,,newsletter,everyone,,,
